Velocity,Voltage,Current,Q,T1,T2,T3,T4,T5,T6,Ts,Ta,A,h
2,60,0.7,42,36,51,50,53,55,39,47.33,23,0.000530929,32.50967743
2,60,0.7,42,36,52,51,53,55,39,47.67,23,0.000530929,32.06163162
2,60,0.7,42,37,52,52,54,56,41,48.67,23,0.000530929,30.81263934
2,60,0.7,42,37,53,52,54,57,40,48.83,23,0.000530929,30.62177514
2,60,0.7,42,36,53,53,55,59,41,49.5,23,0.000530929,29.84756423
2,60,0.7,42,37,54,53,55,58,40,49.5,23,0.000530929,29.84756423
2,60,0.7,42,37,54,54,56,58,40,49.83,23,0.000530929,29.4804492
2,60,0.7,42,37,54,54,56,58,40,49.83,23,0.000530929,29.4804492
2,60,0.7,42,37,55,54,56,59,40,50.17,23,0.000530929,29.11153669
2,60,0.7,42,37,55,54,57,59,40,50.33,23,0.000530929,28.94110691
2,60,0.7,42,37,55,55,57,61,41,51,23,0.000530929,28.24858757
2,60,0.7,42,37,56,55,58,60,41,51.17,23,0.000530929,28.07811331
2,60,0.7,42,37,56,58,58,60,41,51.67,23,0.000530929,27.58843572
2,60,0.7,42,37,57,56,59,61,41,51.83,23,0.000530929,27.43532612
2,60,0.7,42,37,57,56,59,62,41,52,23,0.000530929,27.27449834
2,60,0.7,42,37,57,57,59,62,41,52.17,23,0.000530929,27.11554515
2,60,0.7,42,37,57,57,60,63,42,52.67,23,0.000530929,26.65859292
2,60,0.7,42,37,58,57,60,65,42,53.17,23,0.000530929,26.21678661
2,60,0.7,42,38,58,58,61,63,42,53.33,23,0.000530929,26.07848506
2,60,0.7,42,37,58,58,62,65,43,53.83,23,0.000530929,25.65554499
2,60,0.7,42,37,59,61,64,66,43,55,23,0.000530929,24.71751412
2,60,0.7,42,37,59,62,65,67,43,55.5,23,0.000530929,24.33724468
2,60,0.7,42,37,59,61,64,67,43,55.17,23,0.000530929,24.58689624
2,60,0.7,42,37,61,62,65,67,44,56,23,0.000530929,23.96849854
2,80,0.8,64,38,65,66,72,70,45,59.33,23,0.000530929,33.17569694
2,80,0.8,64,38,66,67,69,71,44,59.17,23,0.000530929,33.32245147
2,80,0.8,64,38,68,66,70,72,44,59.67,23,0.000530929,32.86809571
2,80,0.8,64,38,68,67,71,72,45,60.17,23,0.000530929,32.42596367
2,80,0.8,64,38,66,68,71,73,45,60.17,23,0.000530929,32.42596367
2,80,0.8,64,38,67,67,70,73,45,60,23,0.000530929,32.57494783
2,80,0.8,64,38,67,66,70,73,45,59.83,23,0.000530929,32.72530735
2,80,0.8,64,38,66,67,71,74,45,60.17,23,0.000530929,32.42596367
2,80,0.8,64,39,67,67,71,75,46,60.83,23,0.000530929,31.86024504
2,80,0.8,64,38,68,68,72,77,46,61.5,23,0.000530929,31.30579402
2,80,0.8,64,38,69,69,73,79,48,62.67,23,0.000530929,30.38248222
2,80,0.8,64,39,70,70,74,78,49,63.33,23,0.000530929,29.88527324
2,80,0.8,64,39,70,71,75,79,46,63.33,23,0.000530929,29.88527324
2,80,0.8,64,39,71,71,75,80,47,63.83,23,0.000530929,29.51930124
2,80,0.8,64,39,71,72,76,80,47,64.17,23,0.000530929,29.27551785
2,80,0.8,64,39,72,72,77,80,47,64.5,23,0.000530929,29.04272457
2,80,0.8,64,39,72,73,77,81,47,64.83,23,0.000530929,28.81360434
2,80,0.8,64,39,72,73,77,81,48,65,23,0.000530929,28.69697785
2,80,0.8,64,39,73,73,78,84,48,65.83,23,0.000530929,28.14086084
2,80,0.8,64,39,73,74,79,83,48,66,23,0.000530929,28.02960627
2,80,0.8,64,39,73,73,78,83,48,65.67,23,0.000530929,28.24638082
2,80,0.8,64,39,73,74,79,84,49,66.33,23,0.000530929,27.81613362
2,80,0.8,64,40,73,75,78,83,49,66.33,23,0.000530929,27.81613362
2,80,0.8,64,40,75,74,79,83,48,66.5,23,0.000530929,27.70742689
2,80,0.8,64,41,75,76,80,84,49,67.5,23,0.000530929,27.08478808
2,100,1,100,39,87,92,63,88,52,70.17,23,0.000530929,39.92451074
2,100,1,100,39,88,77,82,88,49,70.5,23,0.000530929,39.64714045
2,100,1,100,39,80,78,85,90,49,70.17,23,0.000530929,39.92451074
2,100,1,100,39,81,80,85,91,51,71.17,23,0.000530929,39.09568552
2,100,1,100,39,82,82,87,94,51,72.5,23,0.000530929,38.04523579
2,100,1,100,40,84,84,89,95,52,74,23,0.000530929,36.92625826
2,100,1,100,43,85,91,95,85,46,74.17,23,0.000530929,36.80357966
2,100,1,100,42,86,92,90,89,46,74.17,23,0.000530929,36.80357966
2,100,1,100,42,87,92,92,87,46,74.33,23,0.000530929,36.68885976
2,100,1,100,40,85,87,93,99,53,76.17,23,0.000530929,35.41920578
2,100,1,100,41,88,89,95,101,54,78,23,0.000530929,34.24071221
2,100,1,100,42,84,91,97,99,57,78.33,23,0.000530929,34.03649325
2,100,1,100,42,85,91,97,100,58,78.83,23,0.000530929,33.73167063
2,100,1,100,43,86,92,99,101,57,79.67,23,0.000530929,33.23167763
2,100,1,100,41,89,90,95,103,55,78.83,23,0.000530929,33.73167063
2,100,1,100,41,90,91,97,104,56,79.83,23,0.000530929,33.13811669
2,100,1,100,42,91,92,98,106,56,80.83,23,0.000530929,32.56509029
2,100,1,100,42,87,92,99,102,57,79.83,23,0.000530929,33.13811669
2,100,1,100,42,87,92,99,102,57,79.83,23,0.000530929,33.13811669
2,100,1,100,42,88,92,99,103,58,80.33,23,0.000530929,32.84910468
2,100,1,100,42,88,93,99,105,58,80.83,23,0.000530929,32.56509029
2,100,1,100,43,89,95,101,105,58,81.83,23,0.000530929,32.01154464
2,100,1,100,42,92,94,99,106,57,81.67,23,0.000530929,32.0988439
2,100,1,100,42,93,96,103,108,57,83.17,23,0.000530929,31.29864004
2,100,1,100,42,84,91,96,97,57,77.83,23,0.000530929,34.34687528
2,120,1.1,132,40,81,82,90,98,53,74,23,0.000530929,48.74266091
2,120,1.1,132,41,86,87,93,101,54,77,23,0.000530929,46.0347353
2,120,1.1,132,41,87,88,94,102,54,77.67,23,0.000530929,45.47056349
2,120,1.1,132,41,89,90,96,104,55,79.17,23,0.000530929,44.25628816
2,120,1.1,132,42,91,92,99,107,57,81.33,23,0.000530929,42.61744739
2,120,1.1,132,42,94,94,101,109,57,82.83,23,0.000530929,41.54898389
2,120,1.1,132,42,95,95,102,110,59,83.83,23,0.000530929,40.86594947
2,120,1.1,132,40,90,91,100,101,50,78.67,23,0.000530929,44.65377593
2,120,1.1,132,40,91,92,102,103,51,79.83,23,0.000530929,43.74231403
2,120,1.1,132,40,92,93,103,102,52,80.33,23,0.000530929,43.36081818
2,120,1.1,132,41,92,95,105,105,53,81.83,23,0.000530929,42.25523893
2,120,1.1,132,41,93,94,104,103,55,81.67,23,0.000530929,42.37047394
2,120,1.1,132,42,90,90,97,106,56,80.17,23,0.000530929,43.48217083
2,120,1.1,132,42,92,93,99,108,57,81.83,23,0.000530929,42.25523893
2,120,1.1,132,42,93,94,100,109,58,82.67,23,0.000530929,41.66039394
2,120,1.1,132,43,95,96,102,113,58,84.5,23,0.000530929,40.42074319
2,120,1.1,132,43,96,97,103,112,59,85,23,0.000530929,40.09476946
2,120,1.1,132,43,97,98,105,113,59,85.83,23,0.000530929,39.56510753
2,120,1.1,132,43,98,99,106,115,60,86.83,23,0.000530929,38.94525625
2,120,1.1,132,43,99,101,108,116,60,87.83,23,0.000530929,38.34452732
2,120,1.1,132,43,100,101,108,117,61,88.33,23,0.000530929,38.05105933
2,120,1.1,132,44,101,102,109,118,61,89.17,23,0.000530929,37.56801732
2,120,1.1,132,44,102,103,110,119,62,90,23,0.000530929,37.10262248
2,120,1.1,132,44,102,104,111,120,62,90.5,23,0.000530929,36.82778824
2,120,1.1,132,44,103,105,112,120,63,91.17,23,0.000530929,36.4658311
2,140,1.2,168,42,90,92,94,94,57,78.17,23,0.000530929,57.34714171
2,140,1.2,168,42,93,95,96,95,57,79.67,23,0.000530929,55.82921842
2,140,1.2,168,41,97,96,100,102,55,81.83,23,0.000530929,53.779395
2,140,1.2,168,42,90,92,99,107,58,81.33,23,0.000530929,54.24038759
2,140,1.2,168,42,94,95,103,110,58,83.67,23,0.000530929,52.1483733
2,140,1.2,168,43,96,97,105,111,58,85,23,0.000530929,51.02970658
2,140,1.2,168,43,97,95,107,113,59,85.67,23,0.000530929,50.48415203
2,140,1.2,168,41,94,92,98,108,55,81.33,23,0.000530929,54.24038759
2,140,1.2,168,41,96,93,100,111,56,82.83,23,0.000530929,52.88052495
2,140,1.2,168,42,98,95,102,112,56,84.17,23,0.000530929,51.72211555
2,140,1.2,168,42,99,96,102,114,57,85,23,0.000530929,51.02970658
2,140,1.2,168,42,101,98,104,115,58,86.33,23,0.000530929,49.95802634
2,140,1.2,168,42,102,100,106,119,60,88.17,23,0.000530929,48.54751892
2,140,1.2,168,43,101,99,106,111,60,86.67,23,0.000530929,49.69124875
2,140,1.2,168,43,102,101,110,112,59,87.83,23,0.000530929,48.80212568
2,140,1.2,168,43,104,101,105,115,58,87.67,23,0.000530929,48.92286698
2,140,1.2,168,42,86,95,101,101,60,80.83,23,0.000530929,54.70935168
2,140,1.2,168,44,83,93,100,101,61,80.33,23,0.000530929,55.18649586
2,140,1.2,168,41,82,90,97,102,55,77.83,23,0.000530929,57.70275046
2,140,1.2,168,44,80,93,98,103,58,79.33,23,0.000530929,56.16619577
2,140,1.2,168,42,78,92,100,111,57,80,23,0.000530929,55.50599663
2,140,1.2,168,43,101,101,108,118,60,88.5,23,0.000530929,48.30292837
2,140,1.2,168,43,87,92,100,100,59,80.17,23,0.000530929,55.34094469
2,140,1.2,168,42,88,91,99,106,56,80.33,23,0.000530929,55.18649586
2,140,1.2,168,42,94,95,100,102,58,81.83,23,0.000530929,53.779395
2,160,1.3,208,42,91,97,102,105,55,82,23,0.000530929,66.39216062
2,160,1.3,208,42,95,95,103,110,57,83.67,23,0.000530929,64.56465265
2,160,1.3,208,42,103,100,109,118,57,88.17,23,0.000530929,60.10645199
2,160,1.3,208,42,106,103,112,121,58,90.33,23,0.000530929,58.17818916
2,160,1.3,208,43,108,104,113,123,59,91.67,23,0.000530929,57.04292233
2,160,1.3,208,43,109,106,116,126,60,93.33,23,0.000530929,55.69653742
2,160,1.3,208,42,113,109,118,129,60,95.17,23,0.000530929,54.27653424
2,160,1.3,208,43,114,110,120,132,62,96.83,23,0.000530929,53.05617603
2,160,1.3,208,44,118,113,124,133,65,99.5,23,0.000530929,51.20441146
2,160,1.3,208,45,122,118,128,139,64,102.67,23,0.000530929,49.16703246
2,160,1.3,208,45,123,120,120,145,66,103.17,23,0.000530929,48.86039013
2,160,1.3,208,45,126,122,132,146,67,106.33,23,0.000530929,47.00753002
2,160,1.3,208,45,128,124,134,146,68,107.5,23,0.000530929,46.35665653
2,160,1.3,208,45,133,129,138,153,72,111.67,23,0.000530929,44.17658144
2,160,1.3,208,45,135,130,140,154,74,113,23,0.000530929,43.52374974
2,160,1.3,208,46,136,132,142,157,74,114.5,23,0.000530929,42.81024564
2,160,1.3,208,46,129,126,136,151,69,109.5,23,0.000530929,45.28482632
2,160,1.3,208,46,132,128,139,151,70,111,23,0.000530929,44.51292587
2,160,1.3,208,48,134,130,141,153,71,112.83,23,0.000530929,43.60611685
2,160,1.3,208,47,135,132,143,156,72,114.17,23,0.000530929,42.96520211
2,160,1.3,208,47,138,135,147,159,73,116.5,23,0.000530929,41.89451846
2,160,1.3,208,48,139,137,149,161,75,118.17,23,0.000530929,41.15937245
2,160,1.3,208,48,141,140,150,163,76,119.67,23,0.000530929,40.52071456
2,160,1.3,208,48,142,141,154,164,79,121.33,23,0.000530929,39.83664677
2,160,1.3,208,49,144,143,154,166,77,122.17,23,0.000530929,39.49921828
2,180,1.45,261,42,72,85,90,89,55,72.17,23,0.000530929,99.96449537
2,180,1.45,261,42,72,85,92,94,55,73.33,23,0.000530929,97.66052528
2,180,1.45,261,42,77,86,98,101,56,76.67,23,0.000530929,91.58289989
2,180,1.45,261,42,84,91,103,108,57,80.83,23,0.000530929,84.99488565
2,180,1.45,261,42,91,97,108,115,58,85.17,23,0.000530929,79.06151258
2,180,1.45,261,42,97,99,111,122,59,88.33,23,0.000530929,75.23732186
2,180,1.45,261,42,108,110,121,135,63,96.5,23,0.000530929,66.87420731
2,180,1.45,261,42,114,111,123,137,63,98.33,23,0.000530929,65.24962481
2,180,1.45,261,44,117,114,126,143,65,101.5,23,0.000530929,62.61470366
2,180,1.45,261,44,121,117,129,146,72,104.83,23,0.000530929,60.06665327
2,180,1.45,261,45,125,121,123,148,68,105,23,0.000530929,59.94212484
2,180,1.45,261,45,129,125,139,156,70,110.67,23,0.000530929,56.06540706
2,180,1.45,261,46,134,130,143,159,72,114,23,0.000530929,54.01378283
2,180,1.45,261,46,137,132,145,162,72,115.67,23,0.000530929,53.04040398
2,180,1.45,261,47,139,135,149,164,74,118,23,0.000530929,51.73951829
2,180,1.45,261,47,142,137,151,167,75,119.83,23,0.000530929,50.76168788
2,180,1.45,261,48,144,140,154,171,77,122.33,23,0.000530929,49.48408575
2,180,1.45,261,48,147,143,157,173,80,124.67,23,0.000530929,48.3451779
2,180,1.45,261,49,150,146,160,176,80,126.83,23,0.000530929,47.33944175
2,180,1.45,261,49,154,150,163,179,81,129.33,23,0.000530929,46.22641058
2,180,1.45,261,49,156,153,166,181,81,131,23,0.000530929,45.51161331
2,180,1.45,261,49,158,156,169,184,82,133,23,0.000530929,44.68412943
2,180,1.45,261,50,161,160,172,188,84,135.83,23,0.000530929,43.56336291
2,180,1.45,261,50,164,164,176,190,83,137.83,23,0.000530929,42.80461759
2,180,1.45,261,50,166,166,178,190,84,139,23,0.000530929,42.37288136
2,200,1.6,320,41,77,80,91,93,51,72.17,23,0.000530929,122.5618334
2,200,1.6,320,41,85,88,101,107,53,79.17,23,0.000530929,107.2879713
2,200,1.6,320,41,97,93,105,114,55,84.17,23,0.000530929,98.51831532
2,200,1.6,320,42,105,99,111,123,57,89.5,23,0.000530929,90.62203531
2,200,1.6,320,42,110,105,116,130,59,93.67,23,0.000530929,85.27473254
2,200,1.6,320,43,118,109,121,139,63,98.83,23,0.000530929,79.47204732
2,200,1.6,320,44,124,115,129,147,65,104,23,0.000530929,74.3995722
2,200,1.6,320,44,132,131,133,151,67,109.67,23,0.000530929,69.53231047
2,200,1.6,320,45,136,136,136,153,68,112.33,23,0.000530929,67.46183083
2,200,1.6,320,44,81,93,100,99,59,79.33,23,0.000530929,106.98323
2,200,1.6,320,44,85,95,105,106,59,82.33,23,0.000530929,101.5736617
2,200,1.6,320,44,92,100,111,117,61,87.5,23,0.000530929,93.43202091
2,200,1.6,320,45,102,106,117,124,62,92.67,23,0.000530929,86.4987132
2,200,1.6,320,44,110,112,124,135,65,98.33,23,0.000530929,79.99954
2,200,1.6,320,45,118,116,128,140,66,102.17,23,0.000530929,76.11930464
2,200,1.6,320,45,122,119,131,145,68,105,23,0.000530929,73.49226035
2,200,1.6,320,45,127,122,135,151,70,108.33,23,0.000530929,70.62422769
2,200,1.6,320,46,132,128,140,155,71,112,23,0.000530929,67.71197021
2,200,1.6,320,46,136,130,143,159,73,114.5,23,0.000530929,65.86191638
2,200,1.6,320,47,139,135,148,164,74,117.83,23,0.000530929,63.54914424
2,200,1.6,320,47,144,138,151,168,77,120.83,23,0.000530929,61.60038177
2,200,1.6,320,48,148,141,154,172,78,123.5,23,0.000530929,59.96383431
2,200,1.6,320,48,152,145,158,176,83,127,23,0.000530929,57.94582066
2,200,1.6,320,50,158,151,165,182,84,131.67,23,0.000530929,55.45564874
2,200,1.6,320,50,160,163,167,185,87,135.33,23,0.000530929,53.64876122
2.5,60,0.7,42,37,50,53,55,55,41,48.5,23,0.000530929,31.01805694
2.5,60,0.7,42,37,50,53,55,54,41,48.33,23,0.000530929,31.22623182
2.5,60,0.7,42,37,48,51,53,56,41,47.67,23,0.000530929,32.06163162
2.5,60,0.7,42,37,49,52,54,55,40,47.83,23,0.000530929,31.8550323
2.5,60,0.7,42,37,50,52,54,58,40,48.5,23,0.000530929,31.01805694
2.5,60,0.7,42,37,51,53,55,57,40,48.83,23,0.000530929,30.62177514
2.5,60,0.7,42,37,52,53,56,57,41,49.33,23,0.000530929,30.04027543
2.5,60,0.7,42,37,53,54,56,58,41,49.83,23,0.000530929,29.4804492
2.5,60,0.7,42,37,53,54,57,59,41,50.17,23,0.000530929,29.11153669
2.5,60,0.7,42,37,54,54,57,59,41,50.33,23,0.000530929,28.94110691
2.5,60,0.7,42,37,54,55,57,60,41,50.67,23,0.000530929,28.58548796
2.5,60,0.7,42,37,54,55,58,60,41,50.83,23,0.000530929,28.42114452
2.5,60,0.7,42,37,55,55,57,60,41,50.83,23,0.000530929,28.42114452
2.5,60,0.7,42,37,55,56,59,61,41,51.5,23,0.000530929,27.75299831
2.5,60,0.7,42,37,56,56,59,61,42,51.83,23,0.000530929,27.43532612
2.5,60,0.7,42,37,56,57,59,62,42,52.17,23,0.000530929,27.11554515
2.5,60,0.7,42,37,56,57,60,62,42,52.33,23,0.000530929,26.96762537
2.5,60,0.7,42,37,57,57,60,63,42,52.67,23,0.000530929,26.65859292
2.5,60,0.7,42,38,57,58,60,63,43,53.17,23,0.000530929,26.21678661
2.5,60,0.7,42,38,57,58,61,63,42,53.17,23,0.000530929,26.21678661
2.5,60,0.7,42,38,60,59,63,66,43,54.83,23,0.000530929,24.84952724
2.5,60,0.7,42,38,62,61,63,67,43,55.67,23,0.000530929,24.21060459
2.5,60,0.7,42,38,66,61,63,67,43,56.33,23,0.000530929,23.73118668
2.5,60,0.7,42,38,64,63,64,68,43,56.67,23,0.000530929,23.49154892
2.5,60,0.7,42,39,65,62,65,69,43,57.17,23,0.000530929,23.14780369
2.5,80,0.9,72,38,65,66,69,74,45,59.5,23,0.000530929,37.14882749
2.5,80,0.9,72,38,66,66,70,74,44,59.67,23,0.000530929,36.97660767
2.5,80,0.9,72,38,66,66,70,75,45,60,23,0.000530929,36.64681631
2.5,80,0.9,72,38,66,67,70,75,44,60,23,0.000530929,36.64681631
2.5,80,0.9,72,38,66,67,71,77,45,60.67,23,0.000530929,35.99501469
2.5,80,0.9,72,38,66,67,71,76,44,60.33,23,0.000530929,36.3228557
2.5,80,0.9,72,38,67,68,72,76,44,60.83,23,0.000530929,35.84277566
2.5,80,0.9,72,38,67,68,72,76,45,61,23,0.000530929,35.6824264
2.5,80,0.9,72,38,67,68,72,76,44,60.83,23,0.000530929,35.84277566
2.5,80,0.9,72,38,67,68,72,76,45,61,23,0.000530929,35.6824264
2.5,80,0.9,72,38,67,68,72,77,46,61.33,23,0.000530929,35.37522054
2.5,80,0.9,72,38,68,69,72,79,46,62,23,0.000530929,34.76749239
2.5,80,0.9,72,39,68,69,72,78,45,61.83,23,0.000530929,34.9197065
2.5,80,0.9,72,39,68,69,73,78,45,62,23,0.000530929,34.76749239
2.5,80,0.9,72,38,68,69,73,78,45,61.83,23,0.000530929,34.9197065
2.5,80,0.9,72,39,68,70,74,80,46,62.83,23,0.000530929,34.04298778
2.5,80,0.9,72,39,69,70,74,78,47,62.83,23,0.000530929,34.04298778
2.5,80,0.9,72,39,69,70,74,79,45,62.67,23,0.000530929,34.1802925
2.5,80,0.9,72,39,69,70,75,79,45,62.83,23,0.000530929,34.04298778
2.5,80,0.9,72,39,69,70,75,79,46,63,23,0.000530929,33.89830508
2.5,80,0.9,72,39,69,70,75,79,46,63,23,0.000530929,33.89830508
2.5,80,0.9,72,39,69,71,75,79,46,63.17,23,0.000530929,33.75484699
2.5,80,0.9,72,39,69,71,75,79,46,63.17,23,0.000530929,33.75484699
2.5,80,0.9,72,39,69,71,75,80,46,63.33,23,0.000530929,33.62093239
2.5,80,0.9,72,39,70,71,75,80,47,63.67,23,0.000530929,33.33986239
2.5,100,1,100,40,80,81,87,93,49,71.67,23,0.000530929,38.69404503
2.5,100,1,100,40,80,82,87,95,50,72.33,23,0.000530929,38.17634647
2.5,100,1,100,40,81,82,88,94,51,72.67,23,0.000530929,37.91502258
2.5,100,1,100,40,81,82,88,95,50,72.67,23,0.000530929,37.91502258
2.5,100,1,100,40,81,82,88,95,50,72.67,23,0.000530929,37.91502258
2.5,100,1,100,40,82,83,88,95,50,73,23,0.000530929,37.66478343
2.5,100,1,100,40,82,83,89,97,51,73.67,23,0.000530929,37.16674899
2.5,100,1,100,40,82,84,89,98,51,74,23,0.000530929,36.92625826
2.5,100,1,100,41,83,84,90,97,51,74.33,23,0.000530929,36.68885976
2.5,100,1,100,41,83,85,90,97,50,74.33,23,0.000530929,36.68885976
2.5,100,1,100,41,83,85,90,97,50,74.33,23,0.000530929,36.68885976
2.5,100,1,100,40,82,85,91,97,51,74.33,23,0.000530929,36.68885976
2.5,100,1,100,41,84,85,91,99,51,75.17,23,0.000530929,36.09812481
2.5,100,1,100,41,84,86,91,98,51,75.17,23,0.000530929,36.09812481
2.5,100,1,100,41,84,86,92,98,51,75.33,23,0.000530929,35.98775409
2.5,100,1,100,41,85,46,92,99,51,69,23,0.000530929,40.93998199
2.5,100,1,100,41,85,87,93,100,52,76.33,23,0.000530929,35.31294152
2.5,100,1,100,41,85,87,93,101,53,76.67,23,0.000530929,35.08923368
2.5,100,1,100,41,86,88,93,102,52,77,23,0.000530929,34.87479947
2.5,100,1,100,41,86,88,94,100,53,77,23,0.000530929,34.87479947
2.5,100,1,100,41,86,88,94,104,52,77.5,23,0.000530929,34.55484718
2.5,100,1,100,41,86,89,94,101,54,77.5,23,0.000530929,34.55484718
2.5,100,1,100,41,86,90,95,103,53,78,23,0.000530929,34.24071221
2.5,100,1,100,42,87,89,95,103,53,78.17,23,0.000530929,34.1352034
2.5,100,1,100,41,87,89,95,104,53,78.17,23,0.000530929,34.1352034
2.5,120,1.1,132,41,67,75,81,80,50,65.67,23,0.000530929,58.25816045
2.5,120,1.1,132,41,70,76,82,85,50,67.33,23,0.000530929,56.07660064
2.5,120,1.1,132,41,72,77,84,86,50,68.33,23,0.000530929,54.83952584
2.5,120,1.1,132,41,74,78,85,88,52,69.67,23,0.000530929,53.26496049
2.5,120,1.1,132,41,76,80,87,90,51,70.83,23,0.000530929,51.97314878
2.5,120,1.1,132,41,78,81,88,93,51,72,23,0.000530929,50.73215727
2.5,120,1.1,132,41,81,82,89,95,52,73.33,23,0.000530929,49.39153003
2.5,120,1.1,132,41,82,83,91,96,52,74.17,23,0.000530929,48.58072516
2.5,120,1.1,132,41,83,84,92,97,52,74.83,23,0.000530929,47.96210122
2.5,120,1.1,132,41,84,85,93,91,53,74.5,23,0.000530929,48.26943119
2.5,120,1.1,132,41,85,86,94,100,53,76.5,23,0.000530929,46.46496647
2.5,120,1.1,132,41,87,87,95,102,54,77.67,23,0.000530929,45.47056349
2.5,120,1.1,132,42,89,89,97,103,55,79.17,23,0.000530929,44.25628816
2.5,120,1.1,132,42,90,90,98,105,55,80,23,0.000530929,43.61185449
2.5,120,1.1,132,42,91,91,100,109,56,81.5,23,0.000530929,42.49360182
2.5,120,1.1,132,42,94,94,102,109,56,82.83,23,0.000530929,41.54898389
2.5,120,1.1,132,44,95,96,104,113,58,85,23,0.000530929,40.09476946
2.5,120,1.1,132,42,97,98,105,113,59,85.67,23,0.000530929,39.66611945
2.5,120,1.1,132,44,98,98,106,114,58,86.33,23,0.000530929,39.25273498
2.5,120,1.1,132,43,99,99,107,114,61,87.17,23,0.000530929,38.73890769
2.5,120,1.1,132,43,100,101,109,118,60,88.5,23,0.000530929,37.95230086
2.5,120,1.1,132,44,101,102,110,117,60,89,23,0.000530929,37.66478343
2.5,120,1.1,132,44,102,103,111,118,60,89.67,23,0.000530929,37.28627128
2.5,120,1.1,132,44,103,103,112,119,60,90.17,23,0.000530929,37.00871976
2.5,120,1.1,132,44,103,104,112,120,60,90.5,23,0.000530929,36.82778824
2.5,140,1.2,168,39,61,67,73,79,48,61.17,23,0.000530929,82.88817941
2.5,140,1.2,168,40,77,77,85,91,51,70.17,23,0.000530929,67.07317803
2.5,140,1.2,168,40,80,79,87,94,50,71.67,23,0.000530929,65.00599564
2.5,140,1.2,168,40,81,80,88,97,51,72.83,23,0.000530929,63.49271138
2.5,140,1.2,168,40,84,82,90,98,51,74.17,23,0.000530929,61.83001383
2.5,140,1.2,168,40,85,84,92,100,53,75.67,23,0.000530929,60.06914388
2.5,140,1.2,168,41,89,87,97,105,53,78.67,23,0.000530929,56.83207846
2.5,140,1.2,168,42,91,89,97,106,54,79.83,23,0.000530929,55.67203604
2.5,140,1.2,168,41,93,90,99,108,54,80.83,23,0.000530929,54.70935168
2.5,140,1.2,168,41,94,92,100,110,55,82,23,0.000530929,53.62443742
2.5,140,1.2,168,42,96,93,101,111,55,83,23,0.000530929,52.7306968
2.5,140,1.2,168,42,97,95,104,113,56,84.5,23,0.000530929,51.44458224
2.5,140,1.2,168,42,99,96,105,115,57,85.67,23,0.000530929,50.48415203
2.5,140,1.2,168,42,100,98,106,117,60,87.17,23,0.000530929,49.30406433
2.5,140,1.2,168,43,103,100,109,119,58,88.67,23,0.000530929,48.17788652
2.5,140,1.2,168,43,104,102,110,121,59,89.83,23,0.000530929,47.3416401
2.5,140,1.2,168,43,105,103,112,123,60,91,23,0.000530929,46.52708541
2.5,140,1.2,168,44,107,105,114,124,63,92.83,23,0.000530929,45.30777328
2.5,140,1.2,168,44,109,107,116,127,62,94.17,23,0.000530929,44.45471137
2.5,140,1.2,168,44,112,111,120,130,63,96.67,23,0.000530929,42.94613558
2.5,140,1.2,168,45,114,112,122,132,66,98.5,23,0.000530929,41.90518951
2.5,140,1.2,168,46,117,114,124,134,65,100,23,0.000530929,41.08885465
2.5,140,1.2,168,45,116,115,125,135,66,100.33,23,0.000530929,40.91351103
2.5,140,1.2,168,46,118,117,128,137,67,102.17,23,0.000530929,39.96263494
2.5,140,1.2,168,46,120,120,130,143,70,104.83,23,0.000530929,38.66359291
2.5,160,1.3,208,41,96,100,103,111,58,84.83,23,0.000530929,63.35334751
2.5,160,1.3,208,42,99,103,107,117,58,87.67,23,0.000530929,60.57116865
2.5,160,1.3,208,42,102,108,115,123,59,91.5,23,0.000530929,57.18448871
2.5,160,1.3,208,42,107,110,118,130,60,94.5,23,0.000530929,54.78513953
2.5,160,1.3,208,43,110,112,121,133,61,96.67,23,0.000530929,53.17140595
2.5,160,1.3,208,43,111,113,124,137,62,98.33,23,0.000530929,51.999701
2.5,160,1.3,208,44,107,113,120,129,64,96.17,23,0.000530929,53.53474753
2.5,160,1.3,208,45,107,113,124,131,64,97.33,23,0.000530929,52.69927992
2.5,160,1.3,208,45,110,115,126,134,65,99.17,23,0.000530929,51.42625018
2.5,160,1.3,208,45,112,117,129,138,65,101,23,0.000530929,50.21971124
2.5,160,1.3,208,45,115,119,131,141,65,102.67,23,0.000530929,49.16703246
2.5,160,1.3,208,45,117,120,132,145,66,104.17,23,0.000530929,48.25843879
2.5,160,1.3,208,45,120,122,134,145,67,105.5,23,0.000530929,47.48045426
2.5,160,1.3,208,45,122,125,136,148,67,107.17,23,0.000530929,46.53840414
2.5,160,1.3,208,45,124,125,138,150,68,108.33,23,0.000530929,45.905748
2.5,160,1.3,208,46,126,127,140,151,68,109.67,23,0.000530929,45.19600181
2.5,160,1.3,208,46,127,128,141,153,69,110.67,23,0.000530929,44.68047766
2.5,160,1.3,208,46,129,130,145,156,70,112.67,23,0.000530929,43.68392413
2.5,160,1.3,208,47,132,132,145,159,71,114.33,23,0.000530929,42.88993186
2.5,160,1.3,208,47,134,134,147,160,72,115.67,23,0.000530929,42.26974724
2.5,160,1.3,208,47,135,136,148,162,73,116.83,23,0.000530929,41.74717549
2.5,160,1.3,208,47,137,138,151,166,74,118.83,23,0.000530929,40.87589979
2.5,160,1.3,208,48,139,140,153,166,76,120.33,23,0.000530929,40.2459414
2.5,160,1.3,208,48,140,141,154,167,75,120.83,23,0.000530929,40.04024815
2.5,160,1.3,208,48,141,142,155,167,75,121.33,23,0.000530929,39.83664677
2.5,180,1.45,261,40,69,79,88,91,52,69.83,23,0.000530929,104.9595182
2.5,180,1.45,261,41,73,81,92,96,52,72.5,23,0.000530929,99.2980654
2.5,180,1.45,261,41,78,84,96,102,53,75.67,23,0.000530929,93.32170566
2.5,180,1.45,261,41,84,88,99,109,54,79.17,23,0.000530929,87.5067516
2.5,180,1.45,261,41,90,91,103,115,55,82.5,23,0.000530929,82.60931491
2.5,180,1.45,261,41,94,99,106,117,55,85.33,23,0.000530929,78.85856309
2.5,180,1.45,261,42,104,102,114,127,58,91.17,23,0.000530929,72.10289332
2.5,180,1.45,261,42,107,104,117,131,59,93.33,23,0.000530929,69.88844358
2.5,180,1.45,261,42,110,106,118,133,59,94.67,23,0.000530929,68.581753
2.5,180,1.45,261,42,112,108,122,136,60,96.67,23,0.000530929,66.7198892
2.5,180,1.45,261,43,114,111,123,139,61,98.5,23,0.000530929,65.10270513
2.5,180,1.45,261,43,117,113,125,142,62,100.33,23,0.000530929,63.56206178
2.5,180,1.45,261,43,120,116,128,144,63,102.33,23,0.000530929,61.95958953
2.5,180,1.45,261,44,123,118,130,150,65,105,23,0.000530929,59.94212484
2.5,180,1.45,261,45,127,122,135,151,65,107.5,23,0.000530929,58.1686892
2.5,180,1.45,261,45,129,124,136,153,67,109,23,0.000530929,57.15411904
2.5,180,1.45,261,45,131,126,139,156,68,110.83,23,0.000530929,55.96327265
2.5,180,1.45,261,45,134,129,142,159,69,113,23,0.000530929,54.61393597
2.5,180,1.45,261,46,136,131,144,161,71,114.83,23,0.000530929,53.52558246
2.5,180,1.45,261,47,140,135,148,167,73,118.33,23,0.000530929,51.56041369
2.5,180,1.45,261,47,142,137,151,168,72,119.5,23,0.000530929,50.93527707
2.5,180,1.45,261,47,144,139,153,169,73,120.83,23,0.000530929,50.24281138
2.5,180,1.45,261,48,145,141,155,172,74,122.5,23,0.000530929,49.39954007
2.5,180,1.45,261,49,147,143,157,174,74,124,23,0.000530929,48.66588354
2.5,180,1.45,261,48,148,145,158,175,75,124.83,23,0.000530929,48.26921573
2.5,200,1.6,320,40,72,85,95,99,53,74,23,0.000530929,118.1640264
2.5,200,1.6,320,41,80,89,102,109,53,79,23,0.000530929,107.6136669
2.5,200,1.6,320,41,87,93,107,116,52,82.67,23,0.000530929,100.9948944
2.5,200,1.6,320,40,93,97,111,122,53,86,23,0.000530929,95.65659283
2.5,200,1.6,320,40,98,100,114,126,54,88.67,23,0.000530929,91.7674029
2.5,200,1.6,320,41,103,104,119,134,55,92.67,23,0.000530929,86.4987132
2.5,200,1.6,320,41,109,108,122,139,56,95.83,23,0.000530929,82.74564532
2.5,200,1.6,320,41,114,112,125,143,57,98.67,23,0.000530929,79.64008654
2.5,200,1.6,320,42,118,115,128,148,58,101.5,23,0.000530929,76.76898533
2.5,200,1.6,320,42,122,118,132,153,59,104.33,23,0.000530929,74.09769271
2.5,200,1.6,320,42,125,121,135,155,60,106.33,23,0.000530929,72.31927695
2.5,200,1.6,320,43,129,124,138,160,60,109,23,0.000530929,70.07401568
2.5,200,1.6,320,43,132,126,140,165,62,111.33,23,0.000530929,68.22557849
2.5,200,1.6,320,44,135,129,142,168,63,113.5,23,0.000530929,66.58967236
2.5,200,1.6,320,44,138,132,146,169,63,115.33,23,0.000530929,65.26985106
2.5,200,1.6,320,44,139,134,150,174,64,117.5,23,0.000530929,63.77106189
2.5,200,1.6,320,44,143,138,152,175,66,119.67,23,0.000530929,62.33956086
2.5,200,1.6,320,45,146,140,155,177,66,121.5,23,0.000530929,61.1813741
2.5,200,1.6,320,45,147,142,157,179,67,122.83,23,0.000530929,60.36627615
2.5,200,1.6,320,45,150,145,159,183,68,125,23,0.000530929,59.08201322
2.5,200,1.6,320,46,152,147,162,184,69,126.67,23,0.000530929,58.13027248
2.5,200,1.6,320,46,155,151,166,191,70,129.83,23,0.000530929,56.41079611
2.5,200,1.6,320,47,158,154,169,193,71,132,23,0.000530929,55.28775549
2.5,200,1.6,320,47,160,156,172,194,71,133.33,23,0.000530929,54.6212757
2.5,200,1.6,320,47,162,158,174,198,72,135.17,23,0.000530929,53.72528616
3,60,0.7,42,37,50,53,55,56,40,48.5,23,0.000530929,31.01805694
3,60,0.7,42,37,50,53,56,57,40,48.83,23,0.000530929,30.62177514
3,60,0.7,42,37,51,54,57,58,41,49.67,23,0.000530929,29.65730979
3,60,0.7,42,37,52,54,57,59,40,49.83,23,0.000530929,29.4804492
3,60,0.7,42,37,53,56,58,60,41,50.83,23,0.000530929,28.42114452
3,60,0.7,42,38,54,55,58,64,42,51.83,23,0.000530929,27.43532612
3,60,0.7,42,38,55,56,59,61,41,51.67,23,0.000530929,27.58843572
3,60,0.7,42,37,55,56,59,63,41,51.83,23,0.000530929,27.43532612
3,60,0.7,42,37,56,57,60,63,41,52.33,23,0.000530929,26.96762537
3,60,0.7,42,38,56,57,60,63,41,52.5,23,0.000530929,26.81221871
3,60,0.7,42,38,57,58,61,64,41,53.17,23,0.000530929,26.21678661
3,60,0.7,42,38,57,58,61,65,42,53.5,23,0.000530929,25.93312957
3,60,0.7,42,38,58,58,61,65,42,53.67,23,0.000530929,25.78938546
3,60,0.7,42,38,58,59,63,65,42,54.17,23,0.000530929,25.37569625
3,60,0.7,42,38,59,59,62,66,42,54.33,23,0.000530929,25.24610444
3,60,0.7,42,38,59,60,63,66,43,54.83,23,0.000530929,24.84952724
3,60,0.7,42,38,60,60,63,67,43,55.17,23,0.000530929,24.58689624
3,60,0.7,42,38,60,62,64,67,43,55.67,23,0.000530929,24.21060459
3,60,0.7,42,38,60,63,65,68,43,56.17,23,0.000530929,23.84565728
3,60,0.7,42,38,61,62,65,69,44,56.5,23,0.000530929,23.61075976
3,60,0.7,42,38,61,63,66,69,44,56.83,23,0.000530929,23.38044493
3,60,0.7,42,39,62,63,65,70,44,57.17,23,0.000530929,23.14780369
3,60,0.7,42,39,61,64,66,70,44,57.33,23,0.000530929,23.03991995
3,60,0.7,42,39,62,64,67,71,44,57.83,23,0.000530929,22.70917175
3,60,0.7,42,39,63,65,66,72,44,58.17,23,0.000530929,22.48963469
3,80,0.85,68,38,67,69,74,79,45,62,23,0.000530929,32.83596504
3,80,0.85,68,38,67,69,74,78,45,61.83,23,0.000530929,32.97972281
3,80,0.85,68,38,68,69,74,79,46,62.33,23,0.000530929,32.56045351
3,80,0.85,68,38,68,70,75,80,46,62.83,23,0.000530929,32.15171068
3,80,0.85,68,38,69,70,74,81,46,63,23,0.000530929,32.01506591
3,80,0.85,68,38,69,71,76,81,46,63.5,23,0.000530929,31.61981819
3,80,0.85,68,38,69,71,76,80,47,63.5,23,0.000530929,31.61981819
3,80,0.85,68,38,71,72,77,81,46,64.17,23,0.000530929,31.10523771
3,80,0.85,68,38,70,71,76,81,46,63.67,23,0.000530929,31.48764781
3,80,0.85,68,38,70,72,77,81,46,64,23,0.000530929,31.23421065
3,80,0.85,68,38,70,72,77,81,46,64,23,0.000530929,31.23421065
3,80,0.85,68,38,70,71,77,82,46,64,23,0.000530929,31.23421065
3,80,0.85,68,38,70,72,77,82,46,64.17,23,0.000530929,31.10523771
3,80,0.85,68,39,70,72,78,82,47,64.67,23,0.000530929,30.73200472
3,80,0.85,68,38,71,73,78,82,47,64.83,23,0.000530929,30.61445461
3,80,0.85,68,38,71,73,78,82,46,64.67,23,0.000530929,30.73200472
3,80,0.85,68,39,71,72,78,83,47,65,23,0.000530929,30.49053897
3,80,0.85,68,39,71,72,78,83,47,65,23,0.000530929,30.49053897
3,80,0.85,68,39,72,74,79,83,47,65.67,23,0.000530929,30.01177962
3,80,0.85,68,39,73,74,79,85,47,66.17,23,0.000530929,29.66417967
3,80,0.85,68,39,72,74,79,84,47,65.83,23,0.000530929,29.89966464
3,80,0.85,68,40,73,75,79,85,47,66.5,23,0.000530929,29.43914107
3,80,0.85,68,40,74,76,80,86,48,67.33,23,0.000530929,28.88794578
3,80,0.85,68,40,74,76,80,88,48,67.67,23,0.000530929,28.66806887
3,80,0.85,68,41,75,77,81,89,48,68.5,23,0.000530929,28.14511289
3,100,1,100,40,84,86,92,100,51,75.5,23,0.000530929,35.87122231
3,100,1,100,40,85,86,93,100,51,75.83,23,0.000530929,35.64715448
3,100,1,100,41,85,87,93,100,51,76.17,23,0.000530929,35.41920578
3,100,1,100,40,85,87,93,99,52,76,23,0.000530929,35.53281455
3,100,1,100,41,85,87,94,100,51,76.33,23,0.000530929,35.31294152
3,100,1,100,40,85,87,94,100,51,76.17,23,0.000530929,35.41920578
3,100,1,100,40,86,88,94,100,51,76.5,23,0.000530929,35.20073218
3,100,1,100,41,86,88,95,101,52,77.17,23,0.000530929,34.76535299
3,100,1,100,41,86,88,95,101,52,77.17,23,0.000530929,34.76535299
3,100,1,100,41,86,88,95,101,51,77,23,0.000530929,34.87479947
3,100,1,100,41,86,89,95,102,52,77.5,23,0.000530929,34.55484718
3,100,1,100,41,86,89,95,102,53,77.67,23,0.000530929,34.44739659
3,100,1,100,41,87,90,96,102,53,78.17,23,0.000530929,34.1352034
3,100,1,100,41,87,90,96,104,54,78.67,23,0.000530929,33.82861813
3,100,1,100,41,87,90,97,102,53,78.33,23,0.000530929,34.03649325
3,100,1,100,41,87,91,97,103,53,78.67,23,0.000530929,33.82861813
3,100,1,100,41,88,90,97,103,53,78.67,23,0.000530929,33.82861813
3,100,1,100,41,87,91,97,103,54,78.83,23,0.000530929,33.73167063
3,100,1,100,41,88,91,98,104,54,79.33,23,0.000530929,33.43225939
3,100,1,100,41,88,91,98,104,53,79.17,23,0.000530929,33.52749103
3,100,1,100,41,88,91,98,104,53,79.17,23,0.000530929,33.52749103
3,100,1,100,41,88,91,98,104,53,79.17,23,0.000530929,33.52749103
3,100,1,100,41,88,92,98,104,53,79.33,23,0.000530929,33.43225939
3,100,1,100,41,88,92,99,105,53,79.67,23,0.000530929,33.23167763
3,100,1,100,41,89,92,99,105,53,79.83,23,0.000530929,33.13811669
3,120,1.1,132,42,98,100,109,117,56,87,23,0.000530929,38.84180791
3,120,1.1,132,42,99,101,109,118,57,87.67,23,0.000530929,38.43939549
3,120,1.1,132,42,100,102,110,118,57,88.17,23,0.000530929,38.14447915
3,120,1.1,132,42,100,102,111,120,56,88.5,23,0.000530929,37.95230086
3,120,1.1,132,42,101,103,111,121,57,89.17,23,0.000530929,37.56801732
3,120,1.1,132,43,101,104,112,121,57,89.67,23,0.000530929,37.28627128
3,120,1.1,132,42,102,104,112,121,57,89.67,23,0.000530929,37.28627128
3,120,1.1,132,42,104,105,112,122,57,90.33,23,0.000530929,36.92077389
3,120,1.1,132,43,103,105,114,122,57,90.67,23,0.000530929,36.73526978
3,120,1.1,132,43,102,105,114,123,58,90.83,23,0.000530929,36.64861722
3,120,1.1,132,43,103,106,115,124,58,91.5,23,0.000530929,36.2901563
3,120,1.1,132,43,104,107,116,125,58,92.17,23,0.000530929,35.93863967
3,120,1.1,132,42,104,107,116,125,58,92,23,0.000530929,36.02718415
3,120,1.1,132,43,105,108,117,125,59,92.83,23,0.000530929,35.59896472
3,120,1.1,132,43,105,108,117,126,59,93,23,0.000530929,35.51251009
3,120,1.1,132,43,106,109,118,127,59,93.67,23,0.000530929,35.17582717
3,120,1.1,132,43,106,109,119,127,59,93.83,23,0.000530929,35.09636745
3,120,1.1,132,43,107,109,119,128,59,94.17,23,0.000530929,34.92870179
3,120,1.1,132,43,107,109,120,128,60,94.5,23,0.000530929,34.76749239
3,120,1.1,132,44,108,111,121,129,60,95.5,23,0.000530929,34.28794078
3,120,1.1,132,44,108,112,121,130,60,95.83,23,0.000530929,34.13257869
3,120,1.1,132,44,108,112,122,130,60,96,23,0.000530929,34.05309187
3,120,1.1,132,44,109,113,122,132,61,96.83,23,0.000530929,33.67026556
3,120,1.1,132,44,110,114,123,132,61,97.33,23,0.000530929,33.4437738
3,120,1.1,132,44,110,114,123,132,61,97.33,23,0.000530929,33.4437738
3,140,1.2,168,40,89,93,104,115,54,82.5,23,0.000530929,53.1738119
3,140,1.2,168,41,93,96,106,116,55,84.5,23,0.000530929,51.44458224
3,140,1.2,168,41,94,97,108,117,55,85.33,23,0.000530929,50.75953486
3,140,1.2,168,41,96,98,109,118,55,86.17,23,0.000530929,50.08456242
3,140,1.2,168,41,97,99,109,119,55,86.67,23,0.000530929,49.69124875
3,140,1.2,168,41,98,100,110,121,55,87.5,23,0.000530929,49.05181098
3,140,1.2,168,41,99,101,112,122,56,88.5,23,0.000530929,48.30292837
3,140,1.2,168,42,100,102,113,123,56,89.33,23,0.000530929,47.69850457
3,140,1.2,168,42,101,103,114,124,56,90,23,0.000530929,47.22151952
3,140,1.2,168,42,102,104,115,127,58,91.33,23,0.000530929,46.30238267
3,140,1.2,168,43,105,106,117,128,59,93,23,0.000530929,45.19774011
3,140,1.2,168,43,106,108,119,130,59,94.17,23,0.000530929,44.45471137
3,140,1.2,168,43,107,109,120,130,59,94.67,23,0.000530929,44.14457664
3,140,1.2,168,43,108,110,121,131,59,95.33,23,0.000530929,43.74176425
3,140,1.2,168,43,109,111,122,133,60,96.33,23,0.000530929,43.14525853
3,140,1.2,168,43,110,112,123,134,60,97,23,0.000530929,42.75461903
3,140,1.2,168,43,111,112,124,134,60,97.33,23,0.000530929,42.56480301
3,140,1.2,168,44,112,115,125,137,61,99,23,0.000530929,41.62949747
3,140,1.2,168,44,113,115,127,138,61,99.67,23,0.000530929,41.26570768
3,140,1.2,168,44,114,116,128,139,62,100.5,23,0.000530929,40.82376526
3,140,1.2,168,44,115,118,129,140,62,101.33,23,0.000530929,40.39118866
3,140,1.2,168,44,116,118,130,141,62,101.83,23,0.000530929,40.13499693
3,140,1.2,168,44,117,119,130,141,63,102.33,23,0.000530929,39.88203464
3,140,1.2,168,45,118,121,132,143,63,103.67,23,0.000530929,39.21955879
3,140,1.2,168,45,118,121,133,145,64,104.33,23,0.000530929,38.90128867
3,160,1.3,208,41,94,95,107,116,54,84.5,23,0.000530929,63.6932923
3,160,1.3,208,41,97,98,109,119,55,86.5,23,0.000530929,61.68720435
3,160,1.3,208,41,99,100,111,124,56,88.5,23,0.000530929,59.80362559
3,160,1.3,208,42,103,102,113,127,57,90.67,23,0.000530929,57.88587966
3,160,1.3,208,42,106,105,116,128,57,92.33,23,0.000530929,56.49989148
3,160,1.3,208,42,108,107,118,130,58,93.83,23,0.000530929,55.30336688
3,160,1.3,208,43,112,111,123,136,59,97.33,23,0.000530929,52.69927992
3,160,1.3,208,43,115,113,124,138,60,98.83,23,0.000530929,51.65683076
3,160,1.3,208,44,118,116,128,142,61,101.5,23,0.000530929,49.89984046
3,160,1.3,208,44,120,118,130,143,61,102.67,23,0.000530929,49.16703246
3,160,1.3,208,44,121,120,131,145,62,103.83,23,0.000530929,48.46143111
3,160,1.3,208,44,122,123,133,148,63,105.5,23,0.000530929,47.48045426
3,160,1.3,208,44,125,123,136,149,64,106.83,23,0.000530929,46.72715587
3,160,1.3,208,45,126,125,137,151,64,108,23,0.000530929,46.08397031
3,160,1.3,208,46,128,129,139,153,65,110,23,0.000530929,45.02456869
3,160,1.3,208,45,130,129,141,155,66,111,23,0.000530929,44.51292587
3,160,1.3,208,45,131,131,143,157,67,112.33,23,0.000530929,43.85019004
3,160,1.3,208,46,133,133,146,159,67,114,23,0.000530929,43.04546677
3,160,1.3,208,46,135,134,147,162,67,115.17,23,0.000530929,42.49905041
3,160,1.3,208,46,135,136,148,164,68,116.17,23,0.000530929,42.04290519
3,160,1.3,208,47,137,137,150,165,69,117.5,23,0.000530929,41.45119023
3,160,1.3,208,47,138,139,152,165,69,118.33,23,0.000530929,41.09029137
3,160,1.3,208,47,139,140,153,167,70,119.33,23,0.000530929,40.66373379
3,160,1.3,208,48,141,143,157,170,71,121.67,23,0.000530929,39.69937647
3,160,1.3,208,47,143,145,158,172,72,122.83,23,0.000530929,39.2380795
3,180,1.45,261,41,103,102,112,120,53,88.5,23,0.000530929,75.04204942
3,180,1.45,261,41,104,103,116,132,57,92.17,23,0.000530929,71.06049208
3,180,1.45,261,42,111,109,124,140,59,97.5,23,0.000530929,65.97656694
3,180,1.45,261,43,119,116,129,145,60,102,23,0.000530929,62.21840807
3,180,1.45,261,43,123,121,133,152,62,105.67,23,0.000530929,59.45632318
3,180,1.45,261,44,128,124,137,154,63,108.33,23,0.000530929,57.60288571
3,180,1.45,261,44,132,131,141,156,63,111.17,23,0.000530929,55.74746782
3,180,1.45,261,46,137,133,148,165,67,116,23,0.000530929,52.8521961
3,180,1.45,261,46,140,137,150,166,68,117.83,23,0.000530929,51.83227077
3,180,1.45,261,46,142,139,152,170,68,119.5,23,0.000530929,50.93527707
3,180,1.45,261,46,144,141,156,174,69,121.67,23,0.000530929,49.81508298
3,180,1.45,261,47,146,144,158,177,71,123.83,23,0.000530929,48.74793452
3,180,1.45,261,47,148,146,159,179,71,125,23,0.000530929,48.18876703
3,180,1.45,261,48,151,148,162,179,71,126.5,23,0.000530929,47.4903791
3,180,1.45,261,48,151,149,163,181,72,127.33,23,0.000530929,47.11256817
3,180,1.45,261,48,153,151,167,186,74,129.83,23,0.000530929,46.01005558
3,180,1.45,261,48,156,154,169,186,74,131.17,23,0.000530929,45.44008724
3,180,1.45,261,49,157,156,171,188,75,132.67,23,0.000530929,44.81858519
3,180,1.45,261,49,158,157,172,189,75,133.33,23,0.000530929,44.550478
3,180,1.45,261,49,159,159,173,192,77,134.83,23,0.000530929,43.95291279
3,180,1.45,261,49,160,160,175,192,77,135.5,23,0.000530929,43.69114878
3,180,1.45,261,49,161,161,176,195,78,136.67,23,0.000530929,43.24143782
3,180,1.45,261,50,163,163,178,196,78,138,23,0.000530929,42.74134119
3,180,1.45,261,50,164,164,179,196,78,138.5,23,0.000530929,42.55631374
3,180,1.45,261,50,165,166,181,198,79,139.83,23,0.000530929,42.07185002
3,200,1.6,320,40,90,97,111,121,52,85.17,23,0.000530929,96.93365527
3,200,1.6,320,40,96,101,114,126,52,88.17,23,0.000530929,92.47146461
3,200,1.6,320,40,100,103,117,130,53,90.5,23,0.000530929,89.27948664
3,200,1.6,320,41,106,107,122,142,55,95.5,23,0.000530929,83.12228067
3,200,1.6,320,41,118,116,129,151,56,101.83,23,0.000530929,76.4476132
3,200,1.6,320,42,120,118,132,155,57,104,23,0.000530929,74.3995722
3,200,1.6,320,42,124,121,135,159,58,106.5,23,0.000530929,72.1720401
3,200,1.6,320,42,127,123,137,160,58,107.83,23,0.000530929,71.04049686
3,200,1.6,320,42,129,125,139,162,58,109.17,23,0.000530929,69.93577055
3,200,1.6,320,42,131,127,141,164,59,110.67,23,0.000530929,68.7391964
3,200,1.6,320,43,133,129,144,166,60,112.5,23,0.000530929,67.33369104
3,200,1.6,320,43,136,131,145,170,60,114.17,23,0.000530929,66.10031094
3,200,1.6,320,43,138,134,148,172,61,116,23,0.000530929,64.7996274
3,200,1.6,320,43,140,132,150,175,62,117,23,0.000530929,64.11026966
3,200,1.6,320,44,142,137,152,176,62,118.83,23,0.000530929,62.88599967
3,200,1.6,320,44,144,139,154,180,63,120.67,23,0.000530929,61.70129363
3,200,1.6,320,44,146,141,156,180,63,121.67,23,0.000530929,61.0759638
3,200,1.6,320,44,147,143,157,181,67,123.17,23,0.000530929,60.16137914
3,200,1.6,320,45,151,146,161,184,65,125.33,23,0.000530929,58.89148195
3,200,1.6,320,45,151,148,162,187,65,126.33,23,0.000530929,58.321546
3,200,1.6,320,45,153,149,164,189,65,127.5,23,0.000530929,57.66856793
3,200,1.6,320,45,154,150,166,192,66,128.83,23,0.000530929,56.94382829
3,200,1.6,320,45,156,152,168,192,67,130,23,0.000530929,56.32117148
3,200,1.6,320,46,157,154,169,194,67,131.17,23,0.000530929,55.71198436
3,200,1.6,320,46,158,165,170,196,68,133.83,23,0.000530929,54.37485652
3.5,60,0.65,39,37,46,50,52,52,41,46.33,23,0.000530929,31.48149494
3.5,60,0.65,39,38,48,50,53,54,40,47.17,23,0.000530929,30.3873925
3.5,60,0.65,39,37,48,51,53,56,40,47.5,23,0.000530929,29.97809293
3.5,60,0.65,39,37,49,51,54,55,40,47.67,23,0.000530929,29.77151507
3.5,60,0.65,39,37,50,52,54,56,42,48.5,23,0.000530929,28.80248144
3.5,60,0.65,39,38,51,52,55,57,40,48.83,23,0.000530929,28.43450549
3.5,60,0.65,39,37,51,53,55,57,40,48.83,23,0.000530929,28.43450549
3.5,60,0.65,39,37,52,54,56,58,40,49.5,23,0.000530929,27.71559535
3.5,60,0.65,39,37,52,54,56,58,40,49.5,23,0.000530929,27.71559535
3.5,60,0.65,39,37,53,54,56,59,41,50,23,0.000530929,27.20234359
3.5,60,0.65,39,38,54,57,58,61,41,51.5,23,0.000530929,25.77064129
3.5,60,0.65,39,38,55,55,58,61,41,51.33,23,0.000530929,25.92528333
3.5,60,0.65,39,38,55,56,58,61,41,51.5,23,0.000530929,25.77064129
3.5,60,0.65,39,38,55,56,59,62,41,51.83,23,0.000530929,25.47565997
3.5,60,0.65,39,38,55,56,59,62,41,51.83,23,0.000530929,25.47565997
3.5,60,0.65,39,38,56,57,59,62,41,52.17,23,0.000530929,25.17872049
3.5,60,0.65,39,38,56,57,59,62,41,52.17,23,0.000530929,25.17872049
3.5,60,0.65,39,38,56,57,60,65,42,53,23,0.000530929,24.48210923
3.5,60,0.65,39,38,56,57,60,63,42,52.67,23,0.000530929,24.75440771
3.5,60,0.65,39,38,56,57,60,63,42,52.67,23,0.000530929,24.75440771
3.5,60,0.65,39,38,57,59,62,65,42,53.83,23,0.000530929,23.82300606
3.5,60,0.65,39,38,57,59,62,64,42,53.67,23,0.000530929,23.9472865
3.5,60,0.65,39,38,57,59,62,65,42,53.83,23,0.000530929,23.82300606
3.5,60,0.65,39,38,57,59,62,64,42,53.67,23,0.000530929,23.9472865
3.5,60,0.65,39,38,57,59,62,65,42,53.83,23,0.000530929,23.82300606
3.5,80,0.8,64,37,78,74,79,87,45,66.67,23,0.000530929,27.59956651
3.5,80,0.8,64,37,76,74,78,85,46,66,23,0.000530929,28.02960627
3.5,80,0.8,64,38,76,74,78,85,46,66.17,23,0.000530929,27.91922793
3.5,80,0.8,64,38,74,74,78,84,46,65.67,23,0.000530929,28.24638082
3.5,80,0.8,64,38,73,74,79,83,47,65.67,23,0.000530929,28.24638082
3.5,80,0.8,64,38,73,74,81,84,47,66.17,23,0.000530929,27.91922793
3.5,80,0.8,64,38,73,74,79,84,46,65.67,23,0.000530929,28.24638082
3.5,80,0.8,64,38,73,74,79,83,46,65.5,23,0.000530929,28.35936635
3.5,80,0.8,64,38,72,74,79,83,46,65.33,23,0.000530929,28.47325938
3.5,80,0.8,64,38,72,74,79,84,46,65.5,23,0.000530929,28.35936635
3.5,80,0.8,64,38,72,74,80,83,46,65.5,23,0.000530929,28.35936635
3.5,80,0.8,64,38,72,74,79,83,46,65.33,23,0.000530929,28.47325938
3.5,80,0.8,64,38,72,74,81,84,47,66,23,0.000530929,28.02960627
3.5,80,0.8,64,38,72,74,79,83,47,65.5,23,0.000530929,28.35936635
3.5,80,0.8,64,39,72,75,79,84,47,66,23,0.000530929,28.02960627
3.5,80,0.8,64,39,73,75,81,84,47,66.5,23,0.000530929,27.70742689
3.5,80,0.8,64,38,72,75,80,84,47,66,23,0.000530929,28.02960627
3.5,80,0.8,64,38,72,75,80,86,47,66.33,23,0.000530929,27.81613362
3.5,80,0.8,64,39,72,75,81,84,47,66.33,23,0.000530929,27.81613362
3.5,80,0.8,64,39,73,75,80,84,47,66.33,23,0.000530929,27.81613362
3.5,80,0.8,64,39,72,75,80,85,47,66.33,23,0.000530929,27.81613362
3.5,80,0.8,64,39,73,75,80,85,48,66.67,23,0.000530929,27.59956651
3.5,80,0.8,64,38,73,75,80,85,48,66.5,23,0.000530929,27.70742689
3.5,80,0.8,64,39,73,75,80,85,47,66.5,23,0.000530929,27.70742689
3.5,80,0.8,64,39,73,76,80,85,47,66.67,23,0.000530929,27.59956651
3.5,100,1,100,40,81,82,88,94,49,72.33,23,0.000530929,38.17634647
3.5,100,1,100,40,81,83,89,95,49,72.83,23,0.000530929,37.79328058
3.5,100,1,100,40,81,83,89,95,49,72.83,23,0.000530929,37.79328058
3.5,100,1,100,40,81,83,90,96,49,73.17,23,0.000530929,37.53715709
3.5,100,1,100,40,81,84,90,97,50,73.67,23,0.000530929,37.16674899
3.5,100,1,100,39,83,84,92,101,50,74.83,23,0.000530929,36.33492517
3.5,100,1,100,40,85,85,97,100,49,76,23,0.000530929,35.53281455
3.5,100,1,100,40,85,85,92,101,50,75.5,23,0.000530929,35.87122231
3.5,100,1,100,40,85,85,92,99,49,75,23,0.000530929,36.21613791
3.5,100,1,100,40,84,86,92,100,51,75.5,23,0.000530929,35.87122231
3.5,100,1,100,41,84,86,92,98,49,75,23,0.000530929,36.21613791
3.5,100,1,100,40,84,85,92,98,49,74.67,23,0.000530929,36.44743897
3.5,100,1,100,40,83,86,92,98,49,74.67,23,0.000530929,36.44743897
3.5,100,1,100,40,83,85,92,98,50,74.67,23,0.000530929,36.44743897
3.5,100,1,100,40,83,86,92,98,50,74.83,23,0.000530929,36.33492517
3.5,100,1,100,40,83,86,92,98,49,74.67,23,0.000530929,36.44743897
3.5,100,1,100,40,83,86,94,98,50,75.17,23,0.000530929,36.09812481
3.5,100,1,100,40,83,86,92,98,51,75,23,0.000530929,36.21613791
3.5,100,1,100,40,83,86,93,99,50,75.17,23,0.000530929,36.09812481
3.5,100,1,100,40,83,86,92,98,51,75,23,0.000530929,36.21613791
3.5,100,1,100,41,83,86,93,98,50,75.17,23,0.000530929,36.09812481
3.5,100,1,100,40,83,86,93,99,51,75.33,23,0.000530929,35.98775409
3.5,100,1,100,41,83,87,93,98,50,75.33,23,0.000530929,35.98775409
3.5,100,1,100,40,83,86,93,98,50,75,23,0.000530929,36.21613791
3.5,100,1,100,40,83,87,93,98,50,75.17,23,0.000530929,36.09812481
3.5,120,1.1,132,40,84,87,94,100,50,75.83,23,0.000530929,47.05424392
3.5,120,1.1,132,40,84,88,95,102,50,76.5,23,0.000530929,46.46496647
3.5,120,1.1,132,40,85,88,96,102,50,76.83,23,0.000530929,46.18011715
3.5,120,1.1,132,40,86,89,97,105,51,78,23,0.000530929,45.19774011
3.5,120,1.1,132,40,88,90,98,105,51,78.67,23,0.000530929,44.65377593
3.5,120,1.1,132,40,89,89,98,106,51,78.83,23,0.000530929,44.52580523
3.5,120,1.1,132,40,90,92,100,108,51,80.17,23,0.000530929,43.48217083
3.5,120,1.1,132,40,91,93,100,109,52,80.83,23,0.000530929,42.98591918
3.5,120,1.1,132,41,91,94,102,112,52,82,23,0.000530929,42.13348655
3.5,120,1.1,132,41,93,95,102,111,52,82.33,23,0.000530929,41.89913545
3.5,120,1.1,132,41,94,96,104,113,52,83.33,23,0.000530929,41.20463627
3.5,120,1.1,132,41,95,97,105,113,53,84,23,0.000530929,40.75206076
3.5,120,1.1,132,41,95,97,105,115,53,84.33,23,0.000530929,40.53278504
3.5,120,1.1,132,41,96,98,106,115,53,84.83,23,0.000530929,40.205009
3.5,120,1.1,132,41,96,99,107,116,54,85.5,23,0.000530929,39.7740113
3.5,120,1.1,132,41,97,100,108,117,54,86.17,23,0.000530929,39.35215619
3.5,120,1.1,132,41,98,101,109,119,55,87.17,23,0.000530929,38.73890769
3.5,120,1.1,132,42,99,102,110,119,54,87.67,23,0.000530929,38.43939549
3.5,120,1.1,132,42,99,102,111,119,54,87.83,23,0.000530929,38.34452732
3.5,120,1.1,132,42,100,103,111,120,55,88.5,23,0.000530929,37.95230086
3.5,120,1.1,132,42,100,104,112,121,55,89,23,0.000530929,37.66478343
3.5,120,1.1,132,42,101,104,115,122,55,89.83,23,0.000530929,37.19700294
3.5,120,1.1,132,42,101,105,113,124,56,90.17,23,0.000530929,37.00871976
3.5,120,1.1,132,42,102,105,114,123,55,90.17,23,0.000530929,37.00871976
3.5,120,1.1,132,42,102,106,114,123,56,90.5,23,0.000530929,36.82778824
3.5,140,1.2,168,42,100,105,114,122,56,89.83,23,0.000530929,47.3416401
3.5,140,1.2,168,42,102,106,116,124,56,91,23,0.000530929,46.52708541
3.5,140,1.2,168,42,104,108,118,126,56,92.33,23,0.000530929,45.63452774
3.5,140,1.2,168,42,105,109,118,128,56,93,23,0.000530929,45.19774011
3.5,140,1.2,168,42,106,109,119,129,58,93.83,23,0.000530929,44.66810402
3.5,140,1.2,168,43,108,111,121,131,57,95.17,23,0.000530929,43.8387392
3.5,140,1.2,168,42,108,112,122,132,57,95.5,23,0.000530929,43.63919735
3.5,140,1.2,168,42,110,113,122,133,59,96.5,23,0.000530929,43.04546677
3.5,140,1.2,168,43,111,114,124,136,58,97.67,23,0.000530929,42.37098979
3.5,140,1.2,168,43,112,115,125,135,58,98,23,0.000530929,42.18455744
3.5,140,1.2,168,43,112,115,125,136,58,98.17,23,0.000530929,42.08915535
3.5,140,1.2,168,43,113,116,126,138,60,99.33,23,0.000530929,41.4495193
3.5,140,1.2,168,43,114,117,127,137,59,99.5,23,0.000530929,41.35740925
3.5,140,1.2,168,43,114,117,127,140,59,100,23,0.000530929,41.08885465
3.5,140,1.2,168,43,115,118,130,140,60,101,23,0.000530929,40.56207446
3.5,140,1.2,168,42,116,119,130,140,60,101.17,23,0.000530929,40.4738622
3.5,140,1.2,168,43,116,119,130,141,60,101.5,23,0.000530929,40.3037173
3.5,140,1.2,168,43,117,120,131,142,60,102.17,23,0.000530929,39.96263494
3.5,140,1.2,168,43,117,121,131,142,61,102.5,23,0.000530929,39.7967523
3.5,140,1.2,168,44,118,122,132,143,60,103.17,23,0.000530929,39.46416126
3.5,140,1.2,168,44,118,120,133,144,61,103.33,23,0.000530929,39.38555718
3.5,140,1.2,168,44,119,123,133,144,61,104,23,0.000530929,39.05977541
3.5,140,1.2,168,44,119,123,134,145,61,104.33,23,0.000530929,38.90128867
3.5,140,1.2,168,44,120,124,134,146,61,104.83,23,0.000530929,38.66359291
3.5,140,1.2,168,44,120,124,135,146,61,105,23,0.000530929,38.58343668
3.5,160,1.3,208,40,103,107,108,126,50,89,23,0.000530929,59.35056783
3.5,160,1.3,208,40,104,100,102,110,51,84.5,23,0.000530929,63.6932923
3.5,160,1.3,208,41,107,103,112,129,51,90.5,23,0.000530929,58.03166632
3.5,160,1.3,208,40,108,104,113,131,51,91.17,23,0.000530929,57.46130962
3.5,160,1.3,208,40,108,105,114,133,52,92,23,0.000530929,56.77010835
3.5,160,1.3,208,41,110,107,115,134,52,93.17,23,0.000530929,55.82353536
3.5,160,1.3,208,41,111,108,117,138,53,94.67,23,0.000530929,54.65519013
3.5,160,1.3,208,41,112,109,118,139,54,95.5,23,0.000530929,54.02948243
3.5,160,1.3,208,41,113,111,120,140,53,96.33,23,0.000530929,53.41793913
3.5,160,1.3,208,41,113,112,122,143,54,97.5,23,0.000530929,52.57902653
3.5,160,1.3,208,41,114,113,122,142,54,97.67,23,0.000530929,52.4593207
3.5,160,1.3,208,41,115,114,123,143,54,98.33,23,0.000530929,51.999701
3.5,160,1.3,208,41,116,115,124,146,55,99.5,23,0.000530929,51.20441146
3.5,160,1.3,208,42,117,116,126,146,55,100.33,23,0.000530929,50.65482318
3.5,160,1.3,208,42,117,117,127,147,57,101.17,23,0.000530929,50.11049605
3.5,160,1.3,208,42,118,118,128,148,55,101.5,23,0.000530929,49.89984046
3.5,160,1.3,208,42,119,119,129,150,56,102.5,23,0.000530929,49.27216952
3.5,160,1.3,208,42,120,120,130,150,56,103,23,0.000530929,48.96421846
3.5,160,1.3,208,42,120,121,130,151,56,103.33,23,0.000530929,48.76307079
3.5,160,1.3,208,42,121,122,131,153,56,104.17,23,0.000530929,48.25843879
3.5,160,1.3,208,42,121,122,132,153,57,104.5,23,0.000530929,48.06303652
3.5,160,1.3,208,42,123,123,133,154,57,105.33,23,0.000530929,47.57849479
3.5,160,1.3,208,42,122,123,133,156,57,105.5,23,0.000530929,47.48045426
3.5,160,1.3,208,42,123,124,134,155,57,105.83,23,0.000530929,47.2912891
3.5,160,1.3,208,42,123,124,135,156,57,106.17,23,0.000530929,47.09796172
3.5,180,1.45,261,41,98,101,112,123,53,88,23,0.000530929,75.61929596
3.5,180,1.45,261,41,101,103,114,126,53,89.67,23,0.000530929,73.7251273
3.5,180,1.45,261,41,104,105,117,130,54,91.83,23,0.000530929,71.41151006
3.5,180,1.45,261,41,107,108,119,135,55,94.17,23,0.000530929,69.06356944
3.5,180,1.45,261,42,111,110,112,136,56,94.5,23,0.000530929,68.74481451
3.5,180,1.45,261,42,113,120,125,140,57,99.5,23,0.000530929,64.25168938
3.5,180,1.45,261,42,116,115,127,145,57,100.33,23,0.000530929,63.56206178
3.5,180,1.45,261,43,120,118,130,146,58,102.5,23,0.000530929,61.82709732
3.5,180,1.45,261,43,121,119,131,149,59,103.67,23,0.000530929,60.93038598
3.5,180,1.45,261,43,124,122,134,150,60,105.5,23,0.000530929,59.57883924
3.5,180,1.45,261,44,126,124,136,153,59,107,23,0.000530929,58.5149314
3.5,180,1.45,261,44,128,126,138,155,61,108.67,23,0.000530929,57.37427614
3.5,180,1.45,261,44,130,128,143,159,61,110.83,23,0.000530929,55.96327265
3.5,180,1.45,261,44,132,131,143,160,63,112.17,23,0.000530929,55.12228594
3.5,180,1.45,261,45,134,132,145,162,63,113.5,23,0.000530929,54.31220152
3.5,180,1.45,261,45,136,134,147,165,62,114.83,23,0.000530929,53.52558246
3.5,180,1.45,261,44,138,136,149,157,63,114.5,23,0.000530929,53.71862554
3.5,180,1.45,261,45,138,137,150,168,64,117,23,0.000530929,52.28993869
3.5,180,1.45,261,45,140,139,152,170,66,118.67,23,0.000530929,51.37717401
3.5,180,1.45,261,46,142,141,154,172,64,119.83,23,0.000530929,50.76168788
3.5,180,1.45,261,46,143,143,156,175,65,121.33,23,0.000530929,49.9873308
3.5,180,1.45,261,46,144,144,158,175,66,122.17,23,0.000530929,49.56392293
3.5,180,1.45,261,46,146,146,160,176,66,123.33,23,0.000530929,48.99087249
3.5,180,1.45,261,46,146,146,160,178,66,123.67,23,0.000530929,48.82541211
3.5,180,1.45,261,46,147,147,161,179,67,124.5,23,0.000530929,48.42615012
3.5,200,1.6,320,40,150,146,159,187,62,124,23,0.000530929,59.66698365
3.5,200,1.6,320,41,153,148,161,189,62,125.67,23,0.000530929,58.69645805
3.5,200,1.6,320,41,154,152,164,192,63,127.67,23,0.000530929,57.5749054
3.5,200,1.6,320,42,157,154,167,194,63,129.5,23,0.000530929,56.58559013
3.5,200,1.6,320,42,157,155,168,195,63,130,23,0.000530929,56.32117148
3.5,200,1.6,320,42,158,156,169,196,63,130.67,23,0.000530929,55.97070074
3.5,200,1.6,320,42,159,157,170,198,65,131.83,23,0.000530929,55.37411879
3.5,200,1.6,320,43,160,158,172,199,64,132.67,23,0.000530929,54.9499895
3.5,200,1.6,320,43,161,160,173,201,65,133.83,23,0.000530929,54.37485652
3.5,200,1.6,320,44,162,161,174,203,65,134.83,23,0.000530929,53.88862871
3.5,200,1.6,320,43,163,162,176,204,65,135.5,23,0.000530929,53.56769199
3.5,200,1.6,320,43,163,162,177,205,66,136,23,0.000530929,53.3306668
3.5,200,1.6,320,43,164,163,178,205,65,136.33,23,0.000530929,53.17537588
3.5,200,1.6,320,43,165,164,179,207,66,137.33,23,0.000530929,52.71027157
3.5,200,1.6,320,44,166,166,180,209,67,138.67,23,0.000530929,52.09963991
3.5,200,1.6,320,44,167,167,181,211,68,139.67,23,0.000530929,51.65308433
3.5,200,1.6,320,44,168,168,183,211,67,140.17,23,0.000530929,51.43266492
3.5,200,1.6,320,44,169,170,184,212,68,141.17,23,0.000530929,50.99742192
3.5,200,1.6,320,44,169,170,185,213,69,141.67,23,0.000530929,50.78255118
3.5,200,1.6,320,44,169,171,186,214,69,142.17,23,0.000530929,50.5694835
3.5,200,1.6,320,44,170,171,187,216,70,143,23,0.000530929,50.21971124
3.5,200,1.6,320,44,170,172,188,215,69,143,23,0.000530929,50.21971124
3.5,200,1.6,320,44,171,172,188,216,69,143.33,23,0.000530929,50.08198578
3.5,200,1.6,320,44,171,173,189,216,69,143.67,23,0.000530929,49.94087469
3.5,200,1.6,320,44,172,174,190,218,70,144.67,23,0.000530929,49.53041299
4,60,0.65,39,37,53,57,60,62,40,51.5,23,0.000530929,25.77064129
4,60,0.65,39,37,54,57,60,62,40,51.67,23,0.000530929,25.61783316
4,60,0.65,39,37,55,57,61,62,40,52,23,0.000530929,25.32631989
4,60,0.65,39,37,55,57,59,62,41,51.83,23,0.000530929,25.47565997
4,60,0.65,39,37,55,57,60,62,40,51.83,23,0.000530929,25.47565997
4,60,0.65,39,37,55,57,60,62,40,51.83,23,0.000530929,25.47565997
4,60,0.65,39,37,55,57,60,63,40,52,23,0.000530929,25.32631989
4,60,0.65,39,37,55,57,60,63,40,52,23,0.000530929,25.32631989
4,60,0.65,39,37,55,57,60,62,40,51.83,23,0.000530929,25.47565997
4,60,0.65,39,37,55,57,60,62,40,51.83,23,0.000530929,25.47565997
4,60,0.65,39,37,54,56,58,61,40,51,23,0.000530929,26.23083132
4,60,0.65,39,37,54,56,58,61,41,51.17,23,0.000530929,26.07253379
4,60,0.65,39,37,54,56,58,61,40,51,23,0.000530929,26.23083132
4,60,0.65,39,37,54,56,58,60,41,51,23,0.000530929,26.23083132
4,60,0.65,39,37,54,56,58,60,40,50.83,23,0.000530929,26.39106277
4,60,0.65,39,37,53,56,58,60,40,50.67,23,0.000530929,26.5436674
4,60,0.65,39,37,53,55,58,60,40,50.5,23,0.000530929,26.70775552
4,60,0.65,39,37,53,55,58,60,40,50.5,23,0.000530929,26.70775552
4,60,0.65,39,37,53,55,58,60,40,50.5,23,0.000530929,26.70775552
4,60,0.65,39,37,53,55,58,61,40,50.67,23,0.000530929,26.5436674
4,60,0.65,39,37,53,55,58,60,40,50.5,23,0.000530929,26.70775552
4,60,0.65,39,37,53,55,58,60,41,50.67,23,0.000530929,26.5436674
4,60,0.65,39,38,53,55,58,60,40,50.67,23,0.000530929,26.5436674
4,60,0.65,39,37,53,55,58,60,40,50.5,23,0.000530929,26.70775552
4,60,0.65,39,37,53,55,58,60,40,50.5,23,0.000530929,26.70775552
4,80,0.8,64,38,61,61,65,69,41,55.83,23,0.000530929,36.71255162
4,80,0.8,64,38,61,61,65,70,42,56.17,23,0.000530929,36.33623966
4,80,0.8,64,38,62,62,65,70,42,56.5,23,0.000530929,35.97830059
4,80,0.8,64,38,62,62,66,70,42,56.67,23,0.000530929,35.79664597
4,80,0.8,64,38,62,63,66,70,42,56.83,23,0.000530929,35.62734466
4,80,0.8,64,38,62,63,66,71,42,57,23,0.000530929,35.44920793
4,80,0.8,64,38,62,64,67,72,42,57.5,23,0.000530929,34.9354513
4,80,0.8,64,38,63,64,67,72,42,57.67,23,0.000530929,34.76414969
4,80,0.8,64,38,63,64,67,72,42,57.67,23,0.000530929,34.76414969
4,80,0.8,64,38,63,64,68,72,42,57.83,23,0.000530929,34.60445219
4,80,0.8,64,38,63,64,68,72,42,57.83,23,0.000530929,34.60445219
4,80,0.8,64,38,63,64,68,72,42,57.83,23,0.000530929,34.60445219
4,80,0.8,64,38,64,65,68,73,42,58.33,23,0.000530929,34.11472034
4,80,0.8,64,38,64,65,68,73,43,58.5,23,0.000530929,33.95135408
4,80,0.8,64,38,64,65,69,73,43,58.67,23,0.000530929,33.78954499
4,80,0.8,64,38,64,65,69,73,43,58.67,23,0.000530929,33.78954499
4,80,0.8,64,38,64,65,69,73,43,58.67,23,0.000530929,33.78954499
4,80,0.8,64,38,64,65,69,74,43,58.83,23,0.000530929,33.6386567
4,80,0.8,64,38,64,66,69,74,43,59,23,0.000530929,33.47980749
4,80,0.8,64,38,64,66,70,74,43,59.17,23,0.000530929,33.32245147
4,80,0.8,64,38,65,66,70,75,44,59.67,23,0.000530929,32.86809571
4,80,0.8,64,38,65,66,70,75,43,59.5,23,0.000530929,33.02117999
4,80,0.8,64,38,65,67,71,75,43,59.83,23,0.000530929,32.72530735
4,80,0.8,64,38,65,67,71,75,44,60,23,0.000530929,32.57494783
4,80,0.8,64,39,65,67,71,76,43,60.17,23,0.000530929,32.42596367
4,100,1,100,37,61,61,63,71,40,55.5,23,0.000530929,57.94582066
4,100,1,100,38,61,61,65,70,41,56,23,0.000530929,57.06785368
4,100,1,100,37,62,61,66,71,41,56.33,23,0.000530929,56.50282542
4,100,1,100,37,64,64,68,74,41,58,23,0.000530929,53.80683347
4,100,1,100,38,70,70,75,81,43,62.83,23,0.000530929,47.28192748
4,100,1,100,38,70,71,75,81,43,63,23,0.000530929,47.08097928
4,100,1,100,38,70,71,76,82,44,63.5,23,0.000530929,46.49973263
4,100,1,100,38,71,72,76,83,44,64,23,0.000530929,45.93266272
4,100,1,100,39,71,72,77,83,43,64.17,23,0.000530929,45.74299663
4,100,1,100,38,71,72,77,83,44,64.17,23,0.000530929,45.74299663
4,100,1,100,39,71,73,77,83,44,64.5,23,0.000530929,45.37925714
4,100,1,100,38,71,73,78,83,44,64.5,23,0.000530929,45.37925714
4,100,1,100,238,72,73,78,84,44,98.17,23,0.000530929,25.05306866
4,100,1,100,38,71,73,78,84,44,64.67,23,0.000530929,45.19412458
4,100,1,100,38,72,73,78,85,44,65,23,0.000530929,44.83902789
4,100,1,100,38,72,73,78,85,44,65,23,0.000530929,44.83902789
4,100,1,100,39,72,74,79,85,44,65.5,23,0.000530929,44.31150991
4,100,1,100,39,72,74,79,85,44,65.5,23,0.000530929,44.31150991
4,100,1,100,38,72,74,79,85,44,65.33,23,0.000530929,44.48946779
4,100,1,100,38,72,74,79,85,45,65.5,23,0.000530929,44.31150991
4,100,1,100,39,72,74,79,86,44,65.67,23,0.000530929,44.13497003
4,100,1,100,38,73,75,80,86,44,66,23,0.000530929,43.7962598
4,100,1,100,38,73,75,80,85,44,65.83,23,0.000530929,43.97009506
4,100,1,100,38,73,75,80,86,44,66,23,0.000530929,43.7962598
4,100,1,100,38,73,75,80,86,44,66,23,0.000530929,43.7962598
4,120,1.1,132,39,73,75,81,88,44,66.67,23,0.000530929,56.92410594
4,120,1.1,132,39,74,76,82,89,44,67.33,23,0.000530929,56.07660064
4,120,1.1,132,39,75,77,83,90,45,68.17,23,0.000530929,55.03377698
4,120,1.1,132,39,76,78,85,92,45,69.17,23,0.000530929,53.84179567
4,120,1.1,132,39,78,79,85,93,45,69.83,23,0.000530929,53.08297472
4,120,1.1,132,40,79,80,86,93,46,70.67,23,0.000530929,52.14759191
4,120,1.1,132,39,79,80,87,94,45,70.67,23,0.000530929,52.14759191
4,120,1.1,132,39,80,81,87,95,45,71.17,23,0.000530929,51.60630488
4,120,1.1,132,40,81,81,86,96,46,71.67,23,0.000530929,51.07613943
4,120,1.1,132,39,82,83,89,97,46,72.67,23,0.000530929,50.0478298
4,120,1.1,132,39,82,83,90,98,46,73,23,0.000530929,49.71751412
4,120,1.1,132,39,84,85,91,99,46,74,23,0.000530929,48.74266091
4,120,1.1,132,39,84,85,92,100,47,74.5,23,0.000530929,48.26943119
4,120,1.1,132,39,84,85,92,100,48,74.67,23,0.000530929,48.11061944
4,120,1.1,132,39,85,86,92,101,47,75,23,0.000530929,47.80530204
4,120,1.1,132,39,85,86,93,102,47,75.33,23,0.000530929,47.50383539
4,120,1.1,132,39,86,87,93,103,47,75.83,23,0.000530929,47.05424392
4,120,1.1,132,39,86,87,94,102,47,75.83,23,0.000530929,47.05424392
4,120,1.1,132,39,86,88,94,103,47,76.17,23,0.000530929,46.75335163
4,120,1.1,132,39,87,88,95,103,48,76.67,23,0.000530929,46.31778845
4,120,1.1,132,39,87,89,95,104,48,77,23,0.000530929,46.0347353
4,120,1.1,132,40,87,89,96,105,48,77.5,23,0.000530929,45.61239828
4,120,1.1,132,39,88,89,96,105,48,77.5,23,0.000530929,45.61239828
4,120,1.1,132,40,88,90,97,105,48,78,23,0.000530929,45.19774011
4,120,1.1,132,39,88,90,97,105,48,77.83,23,0.000530929,45.33787536
4,140,1.2,168,40,91,95,103,112,49,81.67,23,0.000530929,53.92605775
4,140,1.2,168,40,93,95,102,115,50,82.5,23,0.000530929,53.1738119
4,140,1.2,168,40,94,96,105,115,50,83.33,23,0.000530929,52.44226434
4,140,1.2,168,40,95,97,105,115,51,83.83,23,0.000530929,52.01120842
4,140,1.2,168,40,96,97,107,116,51,84.5,23,0.000530929,51.44458224
4,140,1.2,168,40,97,98,107,117,51,85,23,0.000530929,51.02970658
4,140,1.2,168,40,98,99,107,119,50,85.5,23,0.000530929,50.62146893
4,140,1.2,168,40,98,100,108,119,50,85.83,23,0.000530929,50.3555914
4,140,1.2,168,40,99,100,109,119,51,86.33,23,0.000530929,49.95802634
4,140,1.2,168,40,100,101,109,122,51,87.17,23,0.000530929,49.30406433
4,140,1.2,168,41,100,102,111,122,51,87.83,23,0.000530929,48.80212568
4,140,1.2,168,41,101,102,111,124,52,88.5,23,0.000530929,48.30292837
4,140,1.2,168,41,102,103,112,124,51,88.83,23,0.000530929,48.06079003
4,140,1.2,168,40,102,104,112,125,52,89.17,23,0.000530929,47.81384023
4,140,1.2,168,41,103,104,112,125,52,89.5,23,0.000530929,47.57656854
4,140,1.2,168,41,103,105,112,125,52,89.67,23,0.000530929,47.45525436
4,140,1.2,168,41,104,105,114,126,52,90.33,23,0.000530929,46.99007586
4,140,1.2,168,41,104,106,115,126,53,90.83,23,0.000530929,46.64369465
4,140,1.2,168,41,104,106,115,127,52,90.83,23,0.000530929,46.64369465
4,140,1.2,168,41,105,107,116,128,52,91.5,23,0.000530929,46.18747165
4,140,1.2,168,41,105,107,116,128,52,91.5,23,0.000530929,46.18747165
4,140,1.2,168,41,105,107,116,129,52,91.67,23,0.000530929,46.07312957
4,140,1.2,168,41,105,107,117,129,52,91.83,23,0.000530929,45.96602946
4,140,1.2,168,41,106,108,118,130,52,92.5,23,0.000530929,45.52290371
4,140,1.2,168,41,106,108,118,132,53,93,23,0.000530929,45.19774011
4,160,1.3,208,40,85,93,102,110,50,80,23,0.000530929,68.72171011
4,160,1.3,208,41,89,95,104,111,50,81.67,23,0.000530929,66.7655953
4,160,1.3,208,40,90,96,106,117,50,83.17,23,0.000530929,65.10117129
4,160,1.3,208,40,94,98,108,118,50,84.67,23,0.000530929,63.51771488
4,160,1.3,208,40,95,99,109,120,50,85.5,23,0.000530929,62.67419962
4,160,1.3,208,40,97,100,110,123,52,87,23,0.000530929,61.20527307
4,160,1.3,208,41,100,102,112,123,51,88.17,23,0.000530929,60.10645199
4,160,1.3,208,40,101,103,113,126,51,89,23,0.000530929,59.35056783
4,160,1.3,208,41,103,104,114,128,52,90.33,23,0.000530929,58.17818916
4,160,1.3,208,41,104,105,115,130,52,91.17,23,0.000530929,57.46130962
4,160,1.3,208,41,106,107,117,130,52,92.17,23,0.000530929,56.63058373
4,160,1.3,208,41,107,108,118,132,52,93,23,0.000530929,55.95910681
4,160,1.3,208,41,108,109,119,134,53,94,23,0.000530929,55.17095037
4,160,1.3,208,41,110,110,121,135,53,95,23,0.000530929,54.40468717
4,160,1.3,208,41,111,112,122,136,53,95.83,23,0.000530929,53.78466946
4,160,1.3,208,41,113,114,124,140,54,97.67,23,0.000530929,52.4593207
4,160,1.3,208,41,113,114,124,139,54,97.5,23,0.000530929,52.57902653
4,160,1.3,208,42,114,115,125,140,54,98.33,23,0.000530929,51.999701
4,160,1.3,208,41,115,118,126,141,54,99.17,23,0.000530929,51.42625018
4,160,1.3,208,41,115,116,127,141,54,99,23,0.000530929,51.54128258
4,160,1.3,208,41,116,117,127,143,54,99.67,23,0.000530929,51.09087618
4,160,1.3,208,42,116,118,128,143,55,100.33,23,0.000530929,50.65482318
4,160,1.3,208,42,117,119,129,144,55,101,23,0.000530929,50.21971124
4,160,1.3,208,42,118,119,130,145,55,101.5,23,0.000530929,49.89984046
4,160,1.3,208,42,118,120,130,146,56,102,23,0.000530929,49.58401869
4,180,1.45,261,40,97,100,111,121,50,86.5,23,0.000530929,77.40557854
4,180,1.45,261,40,101,103,113,125,51,88.83,23,0.000530929,74.66587023
4,180,1.45,261,40,106,106,116,130,51,91.5,23,0.000530929,71.75553631
4,180,1.45,261,40,107,107,118,132,52,92.67,23,0.000530929,70.55051295
4,180,1.45,261,40,109,109,120,138,53,94.83,23,0.000530929,68.42898841
4,180,1.45,261,41,111,114,125,141,53,97.5,23,0.000530929,65.97656694
4,180,1.45,261,41,116,115,126,144,54,99.33,23,0.000530929,64.39478891
4,180,1.45,261,41,118,117,128,145,54,100.5,23,0.000530929,63.42263532
4,180,1.45,261,41,120,118,130,150,54,102.17,23,0.000530929,62.08480785
4,180,1.45,261,42,122,121,132,151,55,103.83,23,0.000530929,60.80977653
4,180,1.45,261,42,124,122,135,154,56,105.5,23,0.000530929,59.57883924
4,180,1.45,261,42,125,124,137,154,56,106.33,23,0.000530929,58.98541026
4,180,1.45,261,42,128,127,139,157,57,108.33,23,0.000530929,57.60288571
4,180,1.45,261,42,129,128,140,158,57,109,23,0.000530929,57.15411904
4,180,1.45,261,42,130,129,141,159,57,109.67,23,0.000530929,56.71229073
4,180,1.45,261,42,131,130,142,160,58,110.5,23,0.000530929,56.17433414
4,180,1.45,261,42,133,133,145,165,58,112.67,23,0.000530929,54.81492402
4,180,1.45,261,43,134,134,146,165,58,113.33,23,0.000530929,54.41441644
4,180,1.45,261,43,135,135,147,167,59,114.33,23,0.000530929,53.81861642
4,180,1.45,261,43,136,136,149,168,59,115.17,23,0.000530929,53.32813537
4,180,1.45,261,43,137,137,150,168,59,115.67,23,0.000530929,53.04040398
4,180,1.45,261,43,138,138,150,170,59,116.33,23,0.000530929,52.66531916
4,180,1.45,261,43,138,139,151,170,60,116.83,23,0.000530929,52.38467694
4,180,1.45,261,43,139,104,152,171,60,111.5,23,0.000530929,55.5395959
4,180,1.45,261,43,140,140,153,172,60,118,23,0.000530929,51.73951829
4,200,1.6,320,40,115,114,125,152,54,100,23,0.000530929,78.26448504
4,200,1.6,320,40,115,114,125,152,54,100,23,0.000530929,78.26448504
4,200,1.6,320,41,120,118,129,157,55,103.33,23,0.000530929,75.02010891
4,200,1.6,320,41,122,120,132,157,55,104.5,23,0.000530929,73.94313311
4,200,1.6,320,41,124,122,135,160,55,106.17,23,0.000530929,72.45840265
4,200,1.6,320,41,129,126,138,169,57,110,23,0.000530929,69.26856722
4,200,1.6,320,42,132,129,141,172,58,112.33,23,0.000530929,67.46183083
4,200,1.6,320,42,133,130,143,174,58,113.33,23,0.000530929,66.71499334
4,200,1.6,320,42,135,132,142,176,59,114.33,23,0.000530929,65.98451055
4,200,1.6,320,42,137,134,147,176,58,115.67,23,0.000530929,65.03038036
4,200,1.6,320,42,138,136,149,180,60,117.5,23,0.000530929,63.77106189
4,200,1.6,320,43,140,137,150,180,59,118.17,23,0.000530929,63.32211147
4,200,1.6,320,42,141,138,152,181,60,119,23,0.000530929,62.77463905
4,200,1.6,320,42,142,140,153,183,60,120,23,0.000530929,62.12747782
4,200,1.6,320,43,143,141,155,186,60,121.33,23,0.000530929,61.28714887
4,200,1.6,320,43,145,142,156,187,61,122.33,23,0.000530929,60.67014345
4,200,1.6,320,43,146,144,158,191,62,124,23,0.000530929,59.66698365
4,200,1.6,320,43,148,146,160,191,62,125,23,0.000530929,59.08201322
4,200,1.6,320,43,149,147,161,192,62,125.67,23,0.000530929,58.69645805
4,200,1.6,320,44,150,148,163,193,62,126.67,23,0.000530929,58.13027248
4,200,1.6,320,44,151,150,164,195,63,127.83,23,0.000530929,57.48702994
4,200,1.6,320,44,152,151,165,196,63,128.5,23,0.000530929,57.12194643
4,200,1.6,320,44,153,152,167,197,62,129.17,23,0.000530929,56.76147074
4,200,1.6,320,44,153,153,168,198,63,129.83,23,0.000530929,56.41079611
4,200,1.6,320,44,154,154,169,199,63,130.5,23,0.000530929,56.05921254
